AccountID,ClusterID,total_transaction_amount,average_transaction_amount,std_transaction_amount,transaction_frequency,average_account_balance,min_account_balance,max_account_balance,average_login_attempts,average_transaction_duration,customer_age,debit_ratio
AC00001,1,260.76,130.38,116.79989811639392,2,2915.16,1649.92,4180.4,1.0,107.5,25,1.0
AC00002,0,2056.21,293.7442857142857,195.69509079663897,7,4480.421428571429,1154.48,7216.3,1.1428571428571428,109.85714285714286,71,0.8571428571428571
AC00003,1,1266.3400000000001,253.26800000000003,158.48475327298834,5,7329.567999999999,1688.9,13486.15,1.0,49.2,69,0.8
AC00004,0,2180.08,242.2311111111111,231.0815858330367,9,3340.956666666667,1019.46,8365.37,1.0,104.33333333333333,64,0.8888888888888888
AC00005,0,3131.77,347.97444444444443,189.4872683131449,9,4457.837777777778,572.97,8557.32,1.0,145.11111111111111,52,0.8888888888888888
AC00006,1,1017.72,254.43,241.72167727919367,4,2051.2625,420.67,5401.21,1.0,177.75,25,0.75
AC00007,0,1495.3799999999999,299.07599999999996,240.23640696197566,5,7428.594,634.17,14273.42,1.0,121.4,22,1.0
AC00008,1,76.16,76.16,0.0,1,1072.25,1072.25,1072.25,1.0,99.0,23,1.0
AC00009,1,984.08,196.816,144.05806513347318,5,2929.928,131.25,5790.55,1.0,154.2,72,0.4
AC00010,0,2768.67,395.5242857142857,433.6667895538056,7,5618.32,225.53,14576.47,1.0,152.42857142857142,51,0.7142857142857143
AC00011,0,2438.26,348.3228571428572,305.3973512062761,7,2679.1014285714286,201.04,10427.0,1.5714285714285714,97.0,27,0.8571428571428571
AC00012,0,2067.78,344.63000000000005,352.0352257942378,6,4145.016666666666,1161.84,10778.35,1.0,101.33333333333333,48,0.8333333333333334
AC00013,1,1631.28,203.91,150.54582235509372,8,4462.63125,416.37,9648.6,1.0,156.875,59,0.875
AC00014,0,3134.2799999999997,348.25333333333333,265.04227511851764,9,6523.9977777777785,392.34,14510.8,1.0,114.33333333333333,38,0.8888888888888888
AC00015,1,1148.74,287.185,336.84536813400496,4,3903.65,1181.84,11613.58,1.0,79.0,61,0.75
AC00016,0,2271.9700000000003,378.6616666666667,439.8123436383598,6,3985.7966666666666,164.12,8853.93,1.0,114.0,45,0.6666666666666666
AC00017,1,1133.45,226.69,169.64220922282283,5,3273.4739999999997,477.03,7235.87,1.0,111.8,25,0.8
AC00018,0,1658.6699999999998,552.89,596.822852193178,3,8086.323333333334,1821.0,13054.54,2.3333333333333335,186.0,20,0.6666666666666666
AC00019,1,948.19,237.0475,197.6933481219504,4,4981.91,1122.35,7142.53,1.0,71.25,19,0.75
AC00020,0,3788.01,420.89000000000004,271.8111800956686,9,3833.6277777777777,117.98,9951.68,1.0,138.44444444444446,68,0.8888888888888888
AC00021,0,4263.34,532.9175,326.06849156712025,8,3631.3912499999997,207.1,8431.23,1.0,131.5,58,0.5
AC00022,1,775.6800000000001,193.92000000000002,224.14321061916348,4,6334.74,1592.94,14676.05,1.0,75.0,44,0.75
AC00023,1,1251.74,208.62333333333333,124.46264092757579,6,3662.5466666666666,399.57,7616.43,1.5,87.5,61,0.8333333333333334
AC00024,1,1426.94,285.38800000000003,338.4283671177699,5,3440.032,680.55,5621.86,1.0,114.8,37,0.4
AC00025,2,415.37,207.685,201.41936662098806,2,6009.835,4639.04,7380.63,1.0,125.0,26,0.5
AC00026,1,952.11,158.685,119.17656292241355,6,4629.8516666666665,1236.38,7458.03,1.0,148.66666666666666,32,0.5
AC00027,2,557.54,185.84666666666666,145.15396147998624,3,9518.5,6381.6,13587.52,1.0,186.0,63,0.6666666666666666
AC00028,0,2170.17,723.39,827.7553118524821,3,1610.4666666666665,1379.39,1863.7,1.0,74.66666666666667,20,1.0
AC00029,0,1942.1200000000001,323.68666666666667,444.4493077356142,6,6264.863333333334,325.15,14389.45,1.0,138.5,53,0.6666666666666666
AC00030,0,2969.7,329.96666666666664,133.2458016224151,9,5498.2877777777785,868.35,9200.74,1.2222222222222223,139.55555555555554,26,0.6666666666666666
AC00032,0,3384.66,376.0733333333333,299.5105850383255,9,3675.5722222222225,105.01,9724.49,1.4444444444444444,105.44444444444444,54,0.6666666666666666
AC00033,1,900.99,150.165,158.74745790090623,6,3460.8866666666668,719.52,8253.52,1.0,74.83333333333333,64,1.0
AC00034,1,1007.9000000000001,251.97500000000002,263.4591011270377,4,2910.24,746.47,7949.03,1.0,77.75,27,1.0
AC00035,0,2151.17,239.0188888888889,251.69558704139234,9,6841.31,787.74,14935.5,1.0,100.66666666666667,26,0.4444444444444444
AC00036,0,1608.4,321.68,369.00391149688375,5,6564.382,1674.94,14464.3,1.0,89.8,41,0.6
AC00037,2,253.25,126.625,66.22055005812017,2,7725.1,6372.58,9077.62,1.0,118.5,73,1.0
AC00038,1,301.73,301.73,0.0,1,990.74,990.74,990.74,1.0,163.0,67,1.0
AC00039,0,2120.76,302.96571428571434,294.0599527793124,7,3446.2971428571427,271.78,7936.91,1.7142857142857142,113.14285714285714,35,0.5714285714285714
AC00040,0,2925.57,585.114,482.408759953631,5,5260.7699999999995,167.28,9598.43,1.0,121.2,38,0.8
AC00041,1,1149.68,164.24,150.19008156333095,7,3217.4000000000005,129.29,7036.72,1.0,167.85714285714286,65,0.8571428571428571
AC00042,1,1054.04,210.808,89.46389282833606,5,2019.3020000000001,707.25,4710.21,1.0,138.6,23,0.8
AC00043,0,2014.75,503.6875,220.2331384957011,4,6327.0175,3075.97,9127.65,1.25,98.0,60,1.0
AC00044,2,487.32,487.32,0.0,1,7707.96,7707.96,7707.96,1.0,164.0,52,1.0
AC00045,0,1845.12,369.024,400.67363568121124,5,4162.487999999999,364.72,9159.56,1.0,86.8,18,0.6
AC00046,0,1069.95,356.65000000000003,508.7564858554631,3,4855.713333333334,533.2,8892.62,1.0,156.0,20,1.0
AC00047,0,1612.2,403.05,269.0688460846654,4,6822.0775,293.24,13542.41,1.0,26.5,25,0.75
AC00048,0,1602.27,534.09,665.4167966770902,3,6138.25,423.64,11041.9,1.0,98.66666666666667,42,1.0
AC00049,2,1113.77,556.885,73.89972970180608,2,6420.015,3806.16,9033.87,1.0,172.5,39,1.0
AC00050,1,1019.56,203.91199999999998,158.09626092985246,5,2506.364,290.24,7306.79,1.0,129.2,29,0.6
AC00051,1,949.2,237.3,59.260182809932914,4,2963.5225,224.65,9419.27,1.75,200.25,49,1.0
AC00052,2,424.46999999999997,141.48999999999998,232.21620938254935,3,11790.659999999998,6628.75,14563.02,1.0,93.66666666666667,43,0.6666666666666666
AC00053,1,703.3100000000001,100.47285714285715,71.64700708200952,7,6333.698571428571,303.68,12059.85,1.0,92.85714285714286,35,0.5714285714285714
AC00054,0,1751.77,194.64111111111112,222.9712356697857,9,8343.468888888889,409.26,13856.18,1.2222222222222223,80.33333333333333,54,0.8888888888888888
AC00055,1,941.1099999999999,188.22199999999998,153.6119942257114,5,2345.77,918.88,6863.06,1.0,116.8,28,1.0
AC00056,1,498.66,83.11,59.64780398304703,6,3311.976666666667,411.78,7483.01,1.0,157.66666666666666,59,0.5
AC00057,1,1127.62,225.52399999999997,233.03306177450446,5,2884.134,811.86,7139.11,1.2,120.4,37,0.6
AC00058,0,1719.58,245.6542857142857,176.49511323330765,7,6184.515714285714,438.75,13374.89,1.0,90.14285714285714,50,1.0
AC00059,1,592.97,148.2425,134.88287051487796,4,5450.702499999999,692.69,8485.14,1.0,96.25,34,0.75
AC00060,0,1552.72,388.18,234.76214416582016,4,8073.03,1602.13,13696.61,1.5,122.25,49,0.75
AC00061,1,957.06,191.41199999999998,177.64941125711618,5,4894.168,3466.74,6885.16,1.0,96.8,79,1.0
AC00062,1,689.82,229.94000000000003,215.98397463700866,3,4016.0966666666664,232.56,6921.48,1.0,103.0,70,1.0
AC00063,0,3192.72,319.272,315.4591707618876,10,6064.0650000000005,1429.61,12154.66,1.2,127.2,37,0.9
AC00064,0,1411.05,352.7625,278.5210665132292,4,6635.09,3051.29,9794.26,1.0,87.25,52,1.0
AC00065,1,1100.17,220.03400000000002,100.31101998285132,5,5017.586,250.93,9716.68,1.0,105.0,18,0.6
AC00066,1,863.0699999999999,215.76749999999998,145.74584416602303,4,4661.9349999999995,1100.64,7273.55,1.0,107.75,41,1.0
AC00067,0,3224.38,460.6257142857143,470.8281567924453,7,6148.915714285715,1258.93,11729.51,1.0,89.85714285714286,36,1.0
AC00068,0,2641.99,660.4975,398.896644623224,4,3794.6925,914.28,9977.49,1.0,117.0,53,1.0
AC00069,0,1617.58,231.08285714285714,195.24954969766986,7,6979.097142857143,287.46,13964.31,1.0,159.71428571428572,67,0.5714285714285714
AC00070,0,1891.8700000000001,236.48375000000001,275.157989367018,8,5023.30875,524.46,8981.61,1.375,100.5,26,0.75
AC00071,0,4050.12,506.265,509.07092489301385,8,1760.04875,319.04,4004.35,2.0,110.75,18,0.875
AC00072,1,1289.02,322.255,295.6188254605357,4,5915.9325,1329.41,8520.08,1.0,89.5,80,0.75
AC00073,0,1834.82,366.964,354.48567478813584,5,6266.718,1508.72,13336.15,1.0,54.0,58,1.0
AC00074,1,397.1,132.36666666666667,133.11583013801678,3,5596.883333333334,1959.52,8300.54,1.0,105.66666666666667,18,1.0
AC00075,1,1091.8700000000001,218.37400000000002,248.7958364402427,5,5046.526,1029.09,13779.97,1.0,171.4,55,0.6
AC00076,0,1660.0400000000002,237.14857142857144,172.05355158870077,7,4514.394285714286,1389.89,13475.14,1.0,113.85714285714286,35,0.8571428571428571
AC00077,0,1756.3200000000002,292.72,245.83113529412827,6,5078.52,1802.77,12500.8,1.1666666666666667,163.5,19,0.6666666666666666
AC00078,0,2937.12,489.52,401.00232263666504,6,4800.7,836.69,7591.13,1.0,101.16666666666667,56,0.6666666666666666
AC00079,2,515.02,103.00399999999999,112.68440655210462,5,8332.318,5976.0,10548.58,1.0,148.4,18,0.4
AC00080,0,2238.37,373.06166666666667,377.4029664651123,6,4599.393333333333,1084.65,9939.94,1.0,139.16666666666666,35,1.0
AC00081,1,607.37,202.45666666666668,172.02721800149337,3,833.0,187.65,1381.75,1.0,160.0,23,0.6666666666666666
AC00082,1,722.08,240.69333333333336,210.5671618114594,3,2743.0533333333333,825.69,6020.85,1.0,131.33333333333334,26,0.6666666666666666
AC00083,0,2753.38,458.8966666666667,573.7084375069505,6,3086.2766666666666,528.38,6430.86,1.5,109.5,33,0.6666666666666666
AC00084,1,502.03,251.015,350.123922704519,2,5090.395,2619.46,7561.33,1.0,123.0,78,1.0
AC00085,1,1695.71,282.61833333333334,254.08378117594728,6,3256.9216666666666,299.93,8346.64,1.0,143.66666666666666,18,0.8333333333333334
AC00086,0,3190.07,455.7242857142857,428.80902345360937,7,3770.9185714285713,422.32,12148.32,1.2857142857142858,114.14285714285714,64,0.5714285714285714
AC00087,0,1842.47,204.7188888888889,178.3711626387828,9,5808.111111111111,425.77,13084.27,1.0,139.66666666666666,37,1.0
AC00088,1,513.54,256.77,55.38060310253038,2,1355.865,1050.63,1661.1,1.0,118.5,36,1.0
AC00089,1,1201.26,240.252,189.81157359339284,5,5283.8099999999995,1220.86,14410.44,1.8,83.2,45,0.8
AC00090,0,2579.9700000000003,286.66333333333336,293.23707840244214,9,5545.664444444444,865.49,11935.14,1.0,97.22222222222223,67,0.8888888888888888
AC00091,2,1077.01,359.00333333333333,492.6771312262558,3,7123.256666666667,6393.12,7872.04,1.0,120.66666666666667,50,1.0
AC00092,0,2317.6,289.7,282.60396150291814,8,6780.3775,3475.99,13389.16,1.0,109.75,39,0.75
AC00093,0,3165.4300000000003,351.7144444444445,341.24337583721353,9,4057.8533333333335,162.53,11624.93,1.3333333333333333,156.88888888888889,21,0.7777777777777778
AC00094,1,224.01999999999998,56.004999999999995,46.49006381296258,4,4518.3225,743.9,9189.76,1.0,117.25,49,0.75
AC00095,0,3181.87,397.73375,503.0761065098117,8,6626.547500000001,3382.91,9895.1,1.0,142.0,39,0.625
AC00096,1,882.3,294.09999999999997,210.15947183032222,3,3377.3033333333333,651.84,7323.53,1.0,82.33333333333333,75,1.0
AC00097,1,261.72,87.24000000000001,92.88151538384804,3,4684.803333333333,636.42,11584.32,1.0,137.33333333333334,22,1.0
AC00098,0,3212.57,642.514,568.888066345217,5,7159.088000000001,3956.69,10456.24,1.0,87.6,54,0.6
AC00099,0,2510.98,627.745,460.67520724113933,4,6798.962500000001,5726.2,9840.04,1.0,105.75,78,0.5
AC00100,1,447.33000000000004,149.11,76.50100849008462,3,5941.206666666668,2197.12,8400.87,1.3333333333333333,65.66666666666667,68,1.0
AC00101,2,299.9,99.96666666666665,58.85083205302483,3,9256.106666666667,6870.84,12970.21,1.0,222.0,52,0.0
AC00102,1,826.62,165.324,123.2610483080523,5,2944.042,475.63,4943.49,1.0,177.0,18,1.0
AC00103,0,2145.0,429.0,270.65469190464813,5,3225.65,1025.99,5468.58,1.0,113.8,65,0.8
AC00104,1,275.2,275.2,0.0,1,1230.12,1230.12,1230.12,1.0,81.0,54,1.0
AC00105,1,381.82,127.27333333333333,8.269016467109816,3,4890.046666666666,1968.51,6472.5,1.0,81.0,53,0.6666666666666666
AC00106,1,2064.18,344.03,191.6299234462092,6,3476.0266666666666,944.83,6586.19,1.0,112.16666666666667,60,0.8333333333333334
AC00107,0,2980.3199999999997,596.064,727.7003299985511,5,3541.558,1238.11,9379.72,1.0,129.0,62,0.8
AC00108,0,1920.36,320.06,265.0999832516026,6,2645.5633333333335,373.88,8395.85,1.5,135.0,66,0.8333333333333334
AC00109,2,418.91999999999996,209.45999999999998,254.89785248212664,2,7460.469999999999,7125.15,7795.79,1.0,142.5,27,0.5
AC00110,0,2507.77,313.47125,399.3111939484041,8,6877.297500000001,363.92,11565.97,1.125,87.75,26,0.875
AC00111,0,3071.73,438.81857142857143,538.9276154373167,7,7752.751428571429,269.78,14330.47,1.0,128.57142857142858,68,0.7142857142857143
AC00112,2,554.15,554.15,0.0,1,14817.22,14817.22,14817.22,1.0,108.0,49,1.0
AC00113,1,1340.72,335.18,212.6168549292365,4,5511.6875,1057.0,11989.39,1.0,92.5,38,0.75
AC00114,0,2221.26,317.3228571428572,362.2023884383926,7,6692.155714285714,2037.85,12801.93,1.0,124.57142857142857,80,0.5714285714285714
AC00115,1,752.09,250.6966666666667,286.614071066536,3,5561.496666666666,480.19,14904.9,1.0,159.33333333333334,67,0.6666666666666666
AC00116,1,1180.23,196.705,172.36425647447908,6,5196.58,1872.22,11263.89,1.0,119.66666666666667,25,0.5
AC00117,1,55.32,55.32,0.0,1,241.79,241.79,241.79,1.0,117.0,19,1.0
AC00118,1,1250.6,312.65,266.3569389622379,4,2507.6725,1204.65,4597.57,1.0,97.0,53,1.0
AC00119,0,1639.27,273.21166666666664,271.4811175324476,6,7481.866666666668,151.28,12381.45,1.0,154.33333333333334,51,0.8333333333333334
AC00120,0,1744.58,290.7633333333333,226.69533199134622,6,7797.528333333333,701.73,14928.35,1.1666666666666667,115.0,57,0.6666666666666666
AC00121,2,294.73,147.365,93.89670947376165,2,4727.515,3528.72,5926.31,1.0,219.5,78,0.5
AC00122,1,1556.39,259.39833333333337,226.13119700003062,6,4967.5616666666665,619.86,9594.11,1.0,106.16666666666667,34,0.8333333333333334
AC00123,2,919.0600000000001,229.76500000000001,235.24914289606525,4,7671.035000000001,4536.38,10171.68,1.0,112.25,59,1.0
AC00124,0,1190.82,297.705,367.88269339559866,4,7488.18,1804.5,14851.28,1.75,75.25,46,1.0
AC00125,1,1005.6899999999999,167.61499999999998,170.34923924103683,6,5158.7300000000005,940.91,8870.89,1.0,61.833333333333336,76,0.5
AC00126,1,1519.86,217.12285714285713,205.92875747972369,7,5026.975714285714,1447.35,10269.78,1.0,112.85714285714286,51,0.5714285714285714
AC00127,2,545.4499999999999,272.72499999999997,377.71522930641805,2,7377.245,2051.25,12703.24,1.0,112.0,46,1.0
AC00128,0,3224.8900000000003,460.6985714285715,487.96955487094925,7,3310.4199999999996,383.58,12662.66,1.0,138.42857142857142,70,0.7142857142857143
AC00129,2,1095.42,273.855,217.31605271278664,4,6915.41,3651.07,9942.24,1.0,104.25,36,1.0
AC00130,0,2862.83,318.09222222222223,180.36710396977728,9,5486.9,387.02,13406.0,1.1111111111111112,80.0,57,0.6666666666666666
AC00131,0,2829.42,314.38,252.6757667941269,9,4672.113333333334,125.85,13017.7,1.0,99.55555555555556,32,0.7777777777777778
AC00132,1,385.93,96.4825,98.87437698918765,4,5044.507500000001,860.12,13777.79,1.0,138.5,60,0.5
AC00133,1,1398.29,199.75571428571428,143.96749504166357,7,3986.5799999999995,752.25,7807.73,1.0,125.14285714285714,45,0.5714285714285714
AC00134,2,49.59,49.59,0.0,1,6037.03,6037.03,6037.03,1.0,147.0,48,1.0
AC00135,2,145.89,72.945,47.07209842358847,2,8796.24,8497.34,9095.14,1.0,127.5,51,0.5
AC00136,0,3880.53,485.06625,335.44262809170726,8,5374.211249999999,164.61,11905.64,1.0,61.0,58,0.625
AC00137,1,377.17,125.72333333333334,180.34492433482382,3,3988.9500000000003,998.49,9238.08,1.0,70.0,75,1.0
AC00138,1,416.4,208.2,207.60655095637034,2,4039.17,185.47,7892.87,1.5,26.5,26,0.5
AC00139,1,1421.76,177.72,179.3701959635435,8,6090.3625,1293.39,9899.94,1.5,123.375,30,0.625
AC00140,1,1052.82,150.40285714285713,76.00739168315269,7,5234.305714285714,1523.72,12272.78,1.0,176.42857142857142,34,0.8571428571428571
AC00141,1,1456.17,291.23400000000004,305.9655843881792,5,5206.886,958.7,7987.74,1.0,121.2,37,0.8
AC00142,1,529.7,264.85,338.37887906901045,2,3924.345,1107.28,6741.41,1.0,133.5,60,0.5
AC00143,2,1378.78,275.756,150.14777997026795,5,7637.503999999999,4055.55,13273.08,1.0,125.4,48,0.8
AC00144,1,1842.97,230.37125,184.75310980854576,8,4127.6537499999995,783.83,9313.05,1.25,123.875,22,0.75
AC00145,1,1402.7800000000002,280.55600000000004,165.32228004718542,5,4859.604,319.84,12467.31,1.6,83.8,23,0.8
AC00146,2,1171.78,585.89,777.6901800845886,2,12340.82,11147.34,13534.3,1.0,191.5,30,0.5
AC00147,2,388.62,129.54,122.54013342574751,3,7854.639999999999,6263.96,9028.49,1.0,84.0,26,0.6666666666666666
AC00148,0,2868.79,573.758,541.0545041583149,5,6203.84,2366.3,10862.99,1.0,80.2,22,0.8
AC00149,0,2218.1,369.68333333333334,387.8058009708812,6,7058.091666666667,618.05,12046.3,1.5,99.66666666666667,21,1.0
AC00150,0,2030.56,290.08,344.2913847794239,7,5858.764285714286,359.06,12470.62,1.4285714285714286,151.71428571428572,52,0.8571428571428571
AC00151,1,1156.83,289.2075,88.86982629104212,4,6460.787499999999,560.73,10652.13,1.0,166.5,62,0.5
AC00152,1,969.87,242.4675,260.31577943912663,4,3941.26,832.82,7855.01,1.0,141.75,53,0.75
AC00153,0,2451.89,350.27,366.6023965642705,7,4495.128571428571,271.64,8658.95,1.2857142857142858,108.0,51,0.8571428571428571
AC00154,1,869.43,173.886,172.6220002780642,5,3856.7119999999995,921.23,7981.45,1.0,153.4,63,1.0
AC00155,0,1757.2,292.8666666666667,187.69862542561856,6,5971.546666666666,667.66,9679.68,1.0,121.0,55,1.0
AC00156,0,2155.04,431.008,472.0442632529285,5,2481.3419999999996,813.68,6100.08,1.0,86.8,71,1.0
AC00157,1,1249.0900000000001,249.81800000000004,149.02813549796562,5,4543.075999999999,3228.87,6142.54,1.0,92.4,46,0.6
AC00158,0,2354.62,336.3742857142857,227.67804643524906,7,5047.847142857143,1623.5,7986.63,1.0,106.28571428571429,54,0.5714285714285714
AC00159,1,1024.1399999999999,204.82799999999997,144.29790944431593,5,5827.548000000001,1649.43,11903.82,1.0,120.8,69,0.4
AC00160,0,1026.89,513.445,344.5802055400165,2,5922.665,1292.1,10553.23,1.0,110.0,65,1.0
AC00161,0,1965.8999999999999,491.47499999999997,497.539802394408,4,7019.25,421.93,13891.47,2.0,118.75,41,1.0
AC00162,1,89.75,44.875,15.718983745776955,2,2093.06,932.61,3253.51,1.0,161.0,35,1.0
AC00163,1,615.91,307.955,114.28966904318168,2,1000.215,341.94,1658.49,1.0,162.0,18,0.5
AC00164,0,3039.38,506.56333333333333,251.8491128963266,6,6175.1016666666665,337.62,14352.33,1.0,93.16666666666667,21,1.0
AC00165,0,1761.16,293.5266666666667,340.96149868667965,6,4871.538333333333,268.77,12002.16,1.0,123.83333333333333,23,0.8333333333333334
AC00166,1,1407.46,234.57666666666668,177.2526295056484,6,4251.545000000001,1251.85,8208.54,1.0,115.0,45,0.8333333333333334
AC00167,1,1581.57,316.31399999999996,183.4175117866339,5,5161.33,922.19,9754.73,1.0,110.0,25,1.0
AC00168,1,77.83,77.83,0.0,1,2471.53,2471.53,2471.53,1.0,146.0,49,0.0
AC00169,2,175.69,87.845,68.78027660601546,2,7002.049999999999,4618.53,9385.57,4.0,191.5,66,1.0
AC00170,0,1731.2800000000002,247.32571428571433,420.1260819030855,7,5322.22,609.6,7954.92,1.5714285714285714,132.71428571428572,32,0.7142857142857143
AC00171,1,889.9300000000001,177.98600000000002,231.07038458011013,5,7441.08,761.78,14977.99,1.0,124.8,72,1.0
AC00172,0,2904.99,580.9979999999999,430.9310707874289,5,4234.562,342.73,8037.87,1.0,142.4,51,0.6
AC00173,0,1795.2,448.8,216.57487727496618,4,5366.004999999999,1008.76,8475.47,1.0,134.25,40,0.75
AC00174,1,700.68,175.17,138.24611603947503,4,4297.865,1121.19,9009.56,2.0,108.75,36,0.5
AC00175,0,2136.54,305.21999999999997,247.24397255882027,7,6035.412857142857,2968.75,13884.24,1.0,97.14285714285714,56,0.42857142857142855
AC00176,0,2357.68,294.71,305.95987155180984,8,3415.33,165.75,7542.74,1.0,123.25,26,0.875
AC00177,0,2953.1,328.1222222222222,231.34371548508605,9,4208.693333333333,135.96,14401.17,1.0,151.0,50,0.5555555555555556
AC00178,1,879.11,175.822,153.31266033827734,5,4872.183999999999,1008.44,7643.66,1.6,140.4,37,0.8
AC00179,0,3819.73,636.6216666666667,659.3779730447982,6,8851.878333333334,2012.24,13538.14,1.0,133.5,73,0.6666666666666666
AC00180,2,108.96,108.96,0.0,1,7597.66,7597.66,7597.66,1.0,247.0,26,1.0
AC00181,1,1447.3,289.46,314.75019253369805,5,4768.766,824.71,9660.22,1.0,55.2,31,1.0
AC00182,0,3553.6099999999997,444.20124999999996,263.8652513493257,8,3058.38625,112.76,6863.02,1.125,115.875,34,0.875
AC00183,1,1635.97,272.6616666666667,229.19653159824796,6,3703.4066666666663,129.79,6581.55,1.0,153.0,35,0.6666666666666666
AC00184,2,1021.61,255.4025,196.83162167615922,4,7573.0,2264.98,10483.93,1.0,125.25,57,1.0
AC00185,0,1454.4099999999999,242.40166666666664,316.5751116823094,6,4565.13,658.91,10724.95,1.0,118.5,63,0.6666666666666666
AC00186,2,456.83000000000004,228.41500000000002,41.27382281785879,2,8892.369999999999,7950.74,9834.0,1.0,173.5,29,0.5
AC00187,1,953.1800000000001,190.63600000000002,139.55403104174383,5,4231.834,2104.82,7941.73,1.8,109.2,55,0.8
AC00188,1,554.78,110.95599999999999,87.07078344657293,5,6394.692,552.06,11666.18,1.0,136.4,38,0.2
AC00189,1,1510.07,302.014,220.4309405006475,5,2049.5119999999997,213.0,4087.44,1.8,79.0,53,0.6
AC00190,1,1104.1399999999999,220.82799999999997,246.93183061322813,5,2487.6400000000003,690.16,7417.69,1.0,101.8,55,1.0
AC00191,2,511.29999999999995,170.4333333333333,175.149094297782,3,11100.473333333333,6704.76,13330.74,2.0,143.66666666666666,27,1.0
AC00192,0,2250.17,562.5425,249.38623516879733,4,7032.6275000000005,1913.73,12799.34,1.0,96.5,58,1.0
AC00193,1,531.48,265.74,240.75571685839572,2,5706.585,4079.09,7334.08,1.0,61.0,57,1.0
AC00194,1,944.42,188.884,159.14833718892572,5,4145.79,459.37,6459.38,1.4,135.6,25,0.4
AC00195,2,978.6600000000001,489.33000000000004,135.26952724098658,2,8328.465,6521.05,10135.88,1.0,131.0,55,0.5
AC00196,0,2027.38,337.8966666666667,323.7566932538487,6,5811.728333333333,3473.24,7587.48,1.0,140.83333333333334,67,1.0
AC00197,1,602.33,150.5825,135.93671943837202,4,4838.825,1167.25,11123.65,1.0,118.5,21,0.75
AC00198,1,1067.8200000000002,533.9100000000001,39.131289270863526,2,5989.475,230.09,11748.86,1.0,43.5,58,1.0
AC00199,2,7.08,7.08,0.0,1,13316.71,13316.71,13316.71,1.0,139.0,37,0.0
AC00200,0,1547.47,221.06714285714287,227.22308705427847,7,5245.604285714285,221.79,12893.85,1.7142857142857142,144.42857142857142,42,0.8571428571428571
AC00201,1,1035.32,207.064,153.08913557140494,5,2108.826,672.79,4707.24,1.0,122.6,55,0.6
AC00202,0,3722.12,310.1766666666667,201.27868203668325,12,3980.2966666666666,319.65,8932.39,1.0,110.91666666666667,75,0.6666666666666666
AC00203,0,2741.2799999999997,456.87999999999994,360.79558866482836,6,5597.166666666667,712.13,9733.83,1.0,138.5,47,0.6666666666666666
AC00204,0,2658.75,379.82142857142856,266.5383178474577,7,4325.5257142857145,289.71,14489.69,1.0,110.28571428571429,58,0.5714285714285714
AC00205,0,1658.0099999999998,414.50249999999994,594.6402666809012,4,6163.795,1584.6,9927.75,1.0,123.5,67,0.25
AC00206,1,510.91,255.455,256.4605584685489,2,2588.2200000000003,1256.33,3920.11,2.5,81.5,69,0.5
AC00207,1,258.82,129.41,129.07527183779237,2,3334.205,1119.21,5549.2,1.0,195.5,19,0.5
AC00208,0,2470.8399999999997,617.7099999999999,447.4228783451586,4,3018.8075,756.74,6101.15,1.0,141.25,57,1.0
AC00209,1,1377.83,275.566,105.02283432663585,5,3774.782,1733.34,8457.09,1.0,91.6,51,0.8
AC00210,2,1043.15,260.7875,102.10976002158984,4,6364.28,3959.62,10628.59,1.0,125.0,56,1.0
AC00211,0,1989.56,497.39,295.69155156457657,4,7203.62,3173.17,11108.39,1.25,84.5,55,1.0
AC00212,2,936.99,312.33,256.7422347413841,3,8039.32,2991.17,11036.74,1.0,203.66666666666666,41,1.0
AC00213,0,1576.72,262.7866666666667,285.1201848811596,6,5226.291666666667,412.78,13694.68,1.0,96.5,60,0.6666666666666666
AC00214,1,215.44,107.72,9.02268252794034,2,3292.69,703.26,5882.12,1.0,97.0,24,1.0
AC00215,1,961.87,192.374,232.09395011503418,5,6968.138000000001,714.45,11619.1,1.0,119.4,32,0.8
AC00216,1,1347.03,269.406,223.28949870067783,5,5081.764,711.66,9410.99,1.8,193.6,37,0.8
AC00217,1,1395.58,232.59666666666666,414.5652558363601,6,2673.505,471.28,6452.14,1.0,124.0,44,1.0
AC00218,0,1823.24,260.46285714285716,171.7989760072593,7,6312.392857142857,1616.3,11310.27,1.2857142857142858,177.57142857142858,44,0.8571428571428571
AC00219,0,1428.99,142.899,122.7504161975293,10,5530.194,246.57,14473.33,1.0,94.6,50,0.7
AC00220,0,2551.05,425.175,488.14155400867065,6,6363.110000000001,3138.0,9129.68,1.0,178.66666666666666,49,0.8333333333333334
AC00221,2,170.24,170.24,0.0,1,5172.99,5172.99,5172.99,1.0,133.0,62,1.0
AC00222,0,1645.99,411.4975,378.75172962201333,4,3920.585,101.25,7530.3,1.0,96.0,18,1.0
AC00223,2,822.4,411.2,564.4974855568446,2,7726.22,6213.32,9239.12,1.0,62.5,37,1.0
AC00224,1,480.7,240.35,88.26106842770486,2,4353.315,123.24,8583.39,2.0,130.5,38,1.0
AC00225,0,2926.3,266.02727272727276,194.6182164182433,11,4387.590909090909,214.61,9404.63,1.1818181818181819,95.63636363636364,73,0.8181818181818182
AC00227,0,1642.8799999999999,328.57599999999996,387.781341518645,5,6610.35,906.2,14494.18,1.8,169.8,33,1.0
AC00228,0,2509.8999999999996,313.73749999999995,340.524461665909,8,6111.245,2038.31,13704.92,1.75,105.5,69,0.75
AC00229,1,1103.31,220.66199999999998,201.3813451390173,5,4422.44,914.16,9523.72,1.0,126.4,73,0.8
AC00230,0,1356.75,452.25,332.3170845743565,3,6717.666666666667,1257.9,12071.1,1.0,103.66666666666667,44,0.6666666666666666
AC00231,2,1587.27,317.454,279.57098504673195,5,7652.6179999999995,4895.87,9962.5,1.0,113.4,58,0.6
AC00232,0,1310.56,262.11199999999997,296.3042660340887,5,6050.3820000000005,1715.22,11749.77,1.0,156.6,46,0.6
AC00233,1,814.72,135.78666666666666,174.64460125256284,6,6186.758333333334,717.99,12385.05,1.0,125.5,30,0.8333333333333334
AC00235,1,1353.3000000000002,193.32857142857145,192.47532564189203,7,6119.731428571429,3293.01,9418.08,1.0,91.71428571428571,46,1.0
AC00236,0,2072.3999999999996,345.3999999999999,311.6841375495391,6,5299.056666666666,1307.23,13521.76,1.0,101.66666666666667,63,1.0
AC00237,2,1829.65,365.93,356.6514134978299,5,10119.09,6675.03,14321.73,1.6,76.4,62,0.8
AC00238,1,335.68,335.68,0.0,1,1188.95,1188.95,1188.95,1.0,142.0,24,1.0
AC00239,1,1036.1399999999999,207.22799999999998,91.60973458099308,5,4056.996,1334.09,6852.16,1.2,90.4,37,0.6
AC00240,0,1501.3200000000002,750.6600000000001,566.420816001672,2,1751.655,1100.06,2403.25,1.0,71.5,75,0.5
AC00241,1,1742.71,193.63444444444445,118.76762123061057,9,5154.2155555555555,852.98,9630.0,1.2222222222222223,85.33333333333333,21,0.8888888888888888
AC00242,1,1309.69,145.5211111111111,141.20693267722768,9,4646.2477777777785,184.72,9379.53,1.0,138.55555555555554,59,0.5555555555555556
AC00243,1,729.82,182.455,154.7561620744066,4,4149.6175,1035.22,7132.08,2.0,123.0,23,0.75
AC00244,1,1826.25,365.25,284.41214592559163,5,3762.472,151.42,6853.51,1.0,93.2,29,1.0
AC00245,2,1061.5,176.91666666666666,108.74279979229277,6,8931.121666666666,1950.63,13485.0,1.6666666666666667,160.66666666666666,30,0.6666666666666666
AC00246,2,643.6400000000001,128.728,110.32142819960228,5,9185.617999999999,816.01,14631.88,1.8,92.6,68,1.0
AC00247,1,1156.44,165.2057142857143,138.25525943668384,7,5752.7242857142855,467.4,14350.11,1.0,115.0,76,0.8571428571428571
AC00248,0,2180.5699999999997,311.50999999999993,314.73228713728537,7,1939.4685714285715,362.4,5243.0,1.0,107.57142857142857,53,0.42857142857142855
AC00249,2,602.1800000000001,120.436,115.97400346629412,5,8682.344000000001,5379.25,13531.22,1.0,145.8,65,0.8
AC00250,0,993.23,496.615,485.84599828546493,2,5055.095,1236.76,8873.43,1.0,92.0,20,0.5
AC00251,0,2770.84,692.71,308.63333552939486,4,3080.4049999999997,476.19,6368.32,1.0,193.25,19,0.75
AC00252,0,1501.57,750.785,592.279710989664,2,6773.719999999999,5946.45,7600.99,1.0,63.0,74,1.0
AC00253,0,3093.84,515.64,328.4226057992964,6,3488.9883333333332,354.9,7145.67,1.0,136.66666666666666,53,0.6666666666666666
AC00254,1,1203.99,200.665,177.52234617084127,6,5198.929999999999,587.12,9274.64,1.1666666666666667,113.33333333333333,31,1.0
AC00255,2,1079.9,359.9666666666667,225.3157875811931,3,7753.016666666666,6777.12,8434.99,1.0,133.0,70,0.6666666666666666
AC00256,1,1258.39,419.46333333333337,222.36796269546866,3,5221.81,548.45,9975.79,1.0,101.66666666666667,57,1.0
AC00257,0,3410.02,310.0018181818182,296.35830181785633,11,6594.159090909091,213.36,12652.22,1.0,96.45454545454545,56,0.8181818181818182
AC00258,1,1599.6,228.5142857142857,198.29271081384903,7,3264.925714285714,686.91,8510.09,1.0,69.0,62,0.5714285714285714
AC00259,1,612.27,204.09,169.0317943465075,3,3837.0766666666664,1223.45,8590.5,1.0,138.33333333333334,20,0.6666666666666666
AC00260,1,521.0,130.25,79.80161025944275,4,3065.1549999999997,966.88,6647.73,1.5,113.0,77,0.75
AC00261,1,1161.03,145.12875,210.7566843839123,8,5556.275000000001,1244.17,10971.32,1.25,88.625,69,1.0
AC00262,0,2352.36,470.47200000000004,380.45959479292935,5,2872.004,1006.12,8643.51,1.4,136.2,24,0.4
AC00263,2,1550.8400000000001,310.168,261.43091041420485,5,8126.625999999999,4580.59,12948.5,1.0,113.2,42,0.6
AC00264,0,2647.53,441.25500000000005,283.16393264326587,6,2540.1749999999997,189.69,7358.65,1.5,148.33333333333334,26,1.0
AC00265,0,3953.6,439.2888888888889,414.9203544189067,9,5747.238888888889,605.95,10328.23,1.0,103.11111111111111,20,0.5555555555555556
AC00266,1,614.13,153.5325,202.5488809110861,4,5184.8975,1938.99,7915.0,1.0,78.75,59,0.75
AC00267,0,2003.11,200.31099999999998,223.27182871757216,10,3659.88,1075.15,8576.65,1.0,117.3,49,0.9
AC00268,0,1847.96,461.99,663.4541720922905,4,6291.055,1189.03,11988.12,1.0,94.5,56,0.75
AC00269,2,459.61,153.20333333333335,34.19152136617108,3,7879.653333333333,4287.82,13388.56,1.0,173.0,71,1.0
AC00270,1,672.29,336.145,182.86488468265304,2,1960.1,454.66,3465.54,1.0,141.5,36,1.0
AC00271,1,711.53,142.30599999999998,134.60441812956955,5,2121.4260000000004,469.14,3736.38,1.0,87.8,57,0.4
AC00272,0,2341.84,292.73,234.49997228144827,8,4363.1975,464.2,7231.47,1.75,103.5,21,1.0
AC00273,0,2390.7,597.675,650.0059805109488,4,4521.2575,264.83,11481.85,1.0,101.0,19,0.75
AC00274,2,1330.3600000000001,266.072,312.4881254863935,5,6314.3279999999995,4159.52,9374.24,1.0,118.4,59,0.8
AC00275,0,1959.8000000000002,217.7555555555556,163.08092386228924,9,5409.711111111112,611.86,13625.52,1.0,89.77777777777777,23,0.6666666666666666
AC00276,0,1471.1399999999999,294.22799999999995,260.51762237898606,5,6876.454000000001,2227.49,11417.91,1.0,116.4,43,1.0
AC00277,0,1325.31,441.77,309.801831660176,3,7847.46,749.34,14268.95,1.0,137.33333333333334,40,1.0
AC00278,2,838.03,279.3433333333333,152.38000207813798,3,8107.5,1451.02,12990.77,1.0,140.0,26,0.6666666666666666
AC00279,0,2123.0,235.88888888888889,303.0908118223169,9,7029.763333333333,518.54,14328.29,1.3333333333333333,89.55555555555556,54,1.0
AC00280,0,1738.31,347.662,238.55931656508406,5,6585.808,1523.04,12995.7,1.0,107.8,36,0.6
AC00281,2,1152.11,288.0275,225.32282919920328,4,7851.967500000001,3900.34,12319.26,1.0,155.75,66,0.75
AC00282,0,1785.78,297.63,343.14311387524594,6,7422.991666666666,1509.27,13546.75,1.3333333333333333,69.5,26,0.8333333333333334
AC00283,1,77.9,77.9,0.0,1,664.72,664.72,664.72,1.0,128.0,21,1.0
AC00284,0,3533.35,441.66875,338.6588489252232,8,5602.1900000000005,234.41,13586.06,1.0,119.625,70,0.75
AC00285,0,2836.57,405.2242857142857,410.2039768561142,7,5298.9857142857145,136.74,13558.56,1.0,152.57142857142858,18,0.7142857142857143
AC00286,1,544.04,90.67333333333333,99.18299726599649,6,4575.341666666666,259.77,9603.73,1.0,167.66666666666666,33,0.8333333333333334
AC00287,1,641.77,320.885,350.54818677323095,2,4740.825,1997.33,7484.32,1.0,108.5,51,0.5
AC00288,1,1188.25,396.0833333333333,439.806687344944,3,4081.3799999999997,2008.77,7947.44,1.0,63.0,40,1.0
AC00289,1,1039.22,346.4066666666667,282.5550223112895,3,4222.6033333333335,1919.97,8422.06,1.0,134.0,25,1.0
AC00290,0,1890.8600000000001,472.71500000000003,640.5710569223891,4,3901.575,461.83,7272.01,1.0,169.75,51,0.75
AC00291,0,2828.13,404.0185714285714,409.36843504877817,7,7245.484285714286,2583.07,9933.56,1.0,144.42857142857142,29,0.8571428571428571
AC00292,0,1954.23,279.17571428571426,227.90321234076117,7,7738.22,2563.91,14021.4,1.0,143.28571428571428,44,0.8571428571428571
AC00293,1,311.78,77.945,40.71450396766899,4,4518.219999999999,2569.56,6642.33,1.0,163.75,67,1.0
AC00294,1,1265.9299999999998,316.48249999999996,36.10024780616701,4,5869.889999999999,1918.36,8459.26,1.0,87.0,22,0.75
AC00295,1,1499.41,249.90166666666667,140.86512619050418,6,6326.121666666666,333.19,12626.49,1.1666666666666667,103.5,69,0.6666666666666666
AC00296,1,1556.3899999999999,389.09749999999997,249.13282098444324,4,1070.6675,265.51,1503.56,1.0,93.0,26,0.75
AC00297,0,2733.73,273.373,267.98990084827204,10,5831.1230000000005,479.08,12690.79,1.0,77.3,23,0.8
AC00298,1,920.37,131.48142857142858,79.69190264775366,7,3864.9,903.05,11079.77,1.0,82.0,22,0.5714285714285714
AC00299,2,482.93,120.7325,94.92260404315367,4,7235.755,3057.4,10788.89,1.0,85.75,46,0.75
AC00300,1,856.51,171.302,143.21915329312625,5,5231.218,586.76,11388.15,1.0,154.6,70,0.8
AC00301,0,2381.6,396.93333333333334,334.3175644602997,6,3055.98,269.01,6697.77,1.0,147.83333333333334,61,0.6666666666666666
AC00302,0,1906.67,476.6675,387.04012715091955,4,7329.4125,4732.81,9826.26,1.0,125.75,64,1.0
AC00303,0,2989.45,498.2416666666666,610.5499395599566,6,5414.301666666666,596.16,9963.39,1.0,80.66666666666667,64,0.8333333333333334
AC00304,0,3651.8,331.9818181818182,344.023362340937,11,6378.040909090909,1105.89,13586.99,1.0909090909090908,111.0909090909091,57,0.8181818181818182
AC00305,2,1382.87,230.47833333333332,270.8240355224526,6,7643.9800000000005,3908.65,14829.85,1.5,101.83333333333333,55,0.8333333333333334
AC00306,1,1319.18,219.86333333333334,167.15355068519082,6,4522.18,312.19,8843.44,1.0,125.83333333333333,21,0.8333333333333334
AC00307,1,613.78,204.59333333333333,116.53486187975398,3,3353.773333333333,233.21,8013.63,1.0,52.0,54,0.3333333333333333
AC00308,2,484.46000000000004,242.23000000000002,125.41245871124607,2,6050.63,5619.91,6481.35,1.0,22.0,36,1.0
AC00309,2,52.04,52.04,0.0,1,8436.12,8436.12,8436.12,1.0,31.0,50,0.0
AC00310,0,3079.8399999999997,439.97714285714284,290.34133123585684,7,3099.9471428571424,221.56,6617.52,1.4285714285714286,104.85714285714286,53,0.8571428571428571
AC00311,1,1747.69,291.2816666666667,229.57306962417582,6,3588.736666666666,145.5,6474.34,1.0,136.33333333333334,27,1.0
AC00312,0,1958.92,489.73,709.1478788893987,4,2322.4975,530.81,5757.67,1.0,168.5,78,1.0
AC00313,1,743.6999999999999,247.89999999999998,357.1939524963994,3,5137.25,414.43,13645.63,1.0,156.66666666666666,27,0.6666666666666666
AC00314,1,943.04,235.76,204.08461937800863,4,6035.6075,2513.56,9370.9,1.0,112.75,57,0.75
AC00315,1,1008.0600000000001,201.61200000000002,156.04033106860547,5,5088.778,130.76,9588.71,1.2,162.6,25,1.0
AC00316,0,3437.56,572.9266666666666,460.06866938172027,6,6999.878333333333,321.21,13446.81,1.5,160.66666666666666,53,0.5
AC00317,0,3032.5499999999997,433.22142857142853,310.3609456438622,7,5200.824285714286,521.88,10980.38,1.2857142857142858,81.85714285714286,19,0.7142857142857143
AC00318,0,2014.68,402.93600000000004,337.45556185963216,5,5194.2119999999995,570.1,13510.11,1.8,129.8,25,0.8
AC00319,1,1668.43,333.68600000000004,198.6430049863322,5,4170.716,1338.95,7281.46,1.0,87.2,56,0.8
AC00320,0,1678.2600000000002,335.65200000000004,409.0788390640611,5,3435.1440000000002,522.39,9038.63,1.0,116.0,58,1.0
AC00321,2,458.71999999999997,229.35999999999999,240.20417356907018,2,6583.134999999999,3210.39,9955.88,1.0,82.0,59,0.5
AC00322,0,3066.67,340.74111111111114,284.2498429394661,9,4892.466666666666,254.75,13264.14,1.0,115.22222222222223,21,1.0
AC00323,1,1280.0,320.0,345.54525096818605,4,6179.945,1644.09,8802.97,1.0,185.0,47,0.75
AC00324,1,1033.69,206.738,148.97200263807963,5,3700.8959999999997,187.9,8670.23,1.0,84.6,28,0.8
AC00325,1,1658.28,331.656,220.9524802531078,5,5205.524,1824.19,8458.29,1.4,127.2,56,0.8
AC00326,1,1191.04,238.208,184.05944615802798,5,3002.6,678.83,7697.68,1.8,167.6,80,0.6
AC00327,0,2757.33,459.555,464.546736626144,6,2363.8233333333333,320.25,8611.17,1.0,88.33333333333333,28,0.8333333333333334
AC00328,1,753.73,150.746,148.40478489590558,5,5880.886,2304.56,8647.04,1.0,171.6,49,1.0
AC00329,0,1984.6200000000001,220.51333333333335,205.49035281491928,9,4076.456666666667,193.06,12327.74,1.0,136.11111111111111,26,0.6666666666666666
AC00330,1,866.6700000000001,216.66750000000002,153.93684578965062,4,4218.5225,490.57,12961.53,1.0,94.75,21,0.5
AC00331,0,2331.31,333.0442857142857,359.6780676223829,7,3443.2514285714287,563.46,11822.53,1.4285714285714286,197.0,22,0.7142857142857143
AC00332,0,2359.61,294.95125,175.34360939411835,8,5286.797500000001,1309.95,9873.62,1.125,110.0,53,0.75
AC00333,2,536.54,178.84666666666666,213.15812964401178,3,7932.0,5684.09,10113.66,2.3333333333333335,149.0,66,1.0
AC00334,1,849.01,283.00333333333333,100.21454302312281,3,4797.21,1214.93,7372.81,1.0,175.66666666666666,26,1.0
AC00335,2,343.19,171.595,204.1346566607444,2,6542.455,5365.2,7719.71,1.0,132.0,49,0.0
AC00336,0,2126.4700000000003,531.6175000000001,440.65338520391134,4,2706.505,480.16,6990.64,1.5,138.0,40,0.5
AC00337,0,4393.41,549.17625,275.2670173246074,8,4463.3825,261.97,7996.7,1.0,106.75,23,0.875
AC00338,0,2905.38,415.05428571428575,580.5036545350696,7,3110.2757142857145,960.96,9045.19,1.0,137.28571428571428,44,0.8571428571428571
AC00339,0,2508.6800000000003,278.74222222222227,221.72294518034087,9,5782.372222222223,1242.62,12344.9,1.0,134.44444444444446,63,0.7777777777777778
AC00340,2,769.73,256.57666666666665,223.56565530808467,3,10344.413333333334,5558.36,13648.36,2.0,133.0,56,1.0
AC00341,1,504.45,100.89,76.82289795367004,5,6483.114,1549.27,10658.88,1.0,116.0,58,1.0
AC00342,1,629.39,209.79666666666665,119.56394202824417,3,3593.2833333333333,844.55,6353.14,1.0,136.66666666666666,29,1.0
AC00344,0,2291.6800000000003,572.9200000000001,596.2324759688959,4,5391.355,1493.88,7858.41,1.0,179.0,33,1.0
AC00345,0,2827.25,314.1388888888889,281.6332072680903,9,6014.265555555556,1352.19,14942.78,1.0,95.55555555555556,51,1.0
AC00346,1,180.46,180.46,0.0,1,831.75,831.75,831.75,1.0,34.0,25,1.0
AC00347,1,784.52,261.50666666666666,138.69744133664955,3,2581.1966666666667,796.63,5946.61,1.0,92.33333333333333,67,1.0
AC00348,0,1444.96,361.24,385.77345381281316,4,3637.8025000000002,1484.31,9165.02,1.0,116.25,27,0.75
AC00349,1,1038.09,173.015,148.19193240524262,6,7319.05,1337.5,13913.92,1.0,97.66666666666667,56,0.6666666666666666
AC00350,0,1815.84,907.92,832.4768134909224,2,3236.535,969.06,5504.01,1.0,77.0,54,0.5
AC00351,1,295.41,147.705,78.36864455890506,2,1794.355,1562.39,2026.32,1.0,148.0,54,1.0
AC00352,1,779.3,194.825,166.18523670892068,4,3500.565,614.14,10915.54,1.0,207.75,18,0.75
AC00353,1,383.75,76.75,60.966804492280886,5,4495.168,431.16,8356.08,1.8,70.6,19,0.8
AC00354,0,2087.7200000000003,417.54400000000004,443.3795200840924,5,5952.3099999999995,1488.65,10357.26,1.6,90.4,30,0.8
AC00355,1,916.01,305.33666666666664,25.86118777885764,3,3516.0533333333333,1238.43,6313.22,1.0,139.66666666666666,27,0.6666666666666666
AC00356,0,2583.27,322.90875,295.42328592993965,8,5589.5599999999995,267.53,9903.48,1.0,174.25,21,1.0
AC00357,0,1840.35,306.72499999999997,273.8709857396362,6,4306.788333333333,102.2,8865.27,1.0,132.83333333333334,35,0.8333333333333334
AC00358,0,3600.43,450.05375,563.8533185384172,8,5731.01875,1380.34,11174.94,2.0,176.875,46,0.75
AC00359,0,2079.23,346.53833333333336,304.8600422106293,6,3581.4300000000003,399.0,11796.66,1.0,145.5,39,0.8333333333333334
AC00360,0,1934.23,322.37166666666667,267.0380887751159,6,5327.708333333333,2403.39,9567.94,1.0,124.83333333333333,50,0.8333333333333334
AC00361,1,240.95,120.475,8.662058069535208,2,715.385,469.12,961.65,1.0,83.5,41,0.5
AC00362,0,2991.32,249.27666666666667,228.95567746274438,12,5397.5616666666665,841.65,12958.65,1.0,113.0,25,0.6666666666666666
AC00363,0,4702.91,391.90916666666664,379.4357138378068,12,5502.639166666667,991.69,12648.32,1.0,118.16666666666667,29,0.6666666666666666
AC00364,2,143.54,143.54,0.0,1,6067.62,6067.62,6067.62,1.0,80.0,71,1.0
AC00365,1,989.87,197.974,101.13870638880053,5,6982.93,1305.76,14815.87,1.0,65.0,45,0.8
AC00366,0,3043.79,380.47375,346.5033843964793,8,5189.0650000000005,379.82,9808.97,1.0,140.875,43,0.875
AC00367,1,1635.3000000000002,233.61428571428573,179.75422626993995,7,5213.394285714285,873.89,8704.27,1.0,128.42857142857142,59,0.5714285714285714
AC00368,1,1144.0,286.0,167.7504064575304,4,6403.389999999999,761.0,13696.31,1.0,101.5,68,1.0
AC00369,0,2280.04,380.00666666666666,319.1780120037511,6,2938.8349999999996,964.79,6269.12,1.0,127.33333333333333,22,0.6666666666666666
AC00370,0,2410.87,344.40999999999997,256.5685683529193,7,5771.122857142857,1370.03,10442.48,1.0,98.14285714285714,46,0.5714285714285714
AC00371,2,328.65,164.325,221.78404191916061,2,6745.415,6485.78,7005.05,1.0,107.5,46,1.0
AC00372,0,2041.83,680.61,407.13972245409803,3,10161.173333333334,1731.89,14881.77,1.0,97.33333333333333,68,0.3333333333333333
AC00373,0,2001.19,222.35444444444445,217.33680038773412,9,6042.548888888889,341.24,13784.4,1.0,169.66666666666666,48,0.6666666666666666
AC00374,1,1337.45,222.90833333333333,176.7331523417909,6,1561.5833333333333,206.2,3213.16,1.0,126.33333333333333,25,0.8333333333333334
AC00375,2,979.26,326.42,179.4314052778944,3,8947.153333333334,6266.65,13777.1,1.0,144.33333333333334,42,0.6666666666666666
AC00376,1,625.4300000000001,208.4766666666667,102.41346314490754,3,5243.913333333334,677.79,9626.14,1.0,96.66666666666667,75,1.0
AC00377,1,1188.67,297.1675,222.7890241723471,4,3897.2525,1052.31,7847.62,1.0,126.25,44,1.0
AC00378,0,1977.91,329.6516666666667,364.7685147277197,6,3079.1733333333336,602.36,7009.54,1.0,141.83333333333334,54,0.6666666666666666
AC00379,1,741.48,370.74,511.64832473096203,2,1870.69,441.54,3299.84,1.0,109.0,76,0.5
AC00380,1,1176.67,196.11166666666668,202.14307758779836,6,4189.546666666667,817.83,10098.86,1.0,133.66666666666666,53,0.5
AC00381,1,890.7,296.90000000000003,240.51773905473166,3,4714.416666666667,2000.6,9968.49,1.0,91.0,34,1.0
AC00382,0,2327.19,387.865,513.2871477350665,6,3778.4233333333336,797.1,7525.73,1.0,119.33333333333333,33,0.6666666666666666
AC00383,1,555.0200000000001,138.75500000000002,89.85015915400484,4,2026.9250000000002,731.52,4203.05,1.0,118.75,51,1.0
AC00384,0,2562.23,366.03285714285715,274.969149282502,7,4298.8328571428565,120.89,11305.81,1.0,108.0,78,0.7142857142857143
AC00385,0,4141.2,591.6,490.3820127546822,7,2371.3642857142854,263.98,7465.95,1.0,124.85714285714286,55,0.7142857142857143
AC00386,1,1743.57,217.94625,203.66544625491653,8,3628.61625,620.83,7794.84,1.0,122.875,62,1.0
AC00387,2,715.35,238.45000000000002,159.27726799515366,3,8244.94,7375.59,8937.35,1.3333333333333333,137.66666666666666,58,0.6666666666666666
AC00388,0,1279.61,639.805,553.0211424981869,2,1244.13,546.46,1941.8,1.0,47.5,18,1.0
AC00389,1,936.36,312.12,219.977905936028,3,4131.94,2611.64,5237.12,1.0,71.66666666666667,31,0.3333333333333333
AC00390,1,1127.57,161.08142857142857,191.64424588531838,7,4912.302857142857,535.15,9538.92,1.0,138.14285714285714,44,0.5714285714285714
AC00391,1,467.81,155.93666666666667,161.64942509434832,3,4006.4500000000003,2523.83,5873.54,1.0,80.33333333333333,44,0.6666666666666666
AC00392,1,864.3399999999999,288.1133333333333,233.33834754136177,3,2030.6899999999998,1620.02,2810.37,1.0,147.66666666666666,24,0.6666666666666666
AC00393,1,1673.6499999999999,209.20624999999998,138.79748391477213,8,2569.13875,173.7,6430.41,1.375,141.0,18,0.625
AC00394,1,1680.77,240.10999999999999,190.62267957057645,7,2488.424285714286,791.46,6217.58,1.0,91.71428571428571,53,0.7142857142857143
AC00395,1,952.25,317.4166666666667,111.56583273266656,3,1523.4533333333331,977.01,2406.31,1.0,88.0,32,0.3333333333333333
AC00396,0,3286.7,410.8375,467.713901371035,8,5083.671249999999,664.93,13948.09,1.125,131.875,51,0.75
AC00397,0,1853.92,264.8457142857143,261.3149537663407,7,4550.38,420.65,10619.35,1.0,146.71428571428572,27,0.8571428571428571
AC00398,0,2860.1800000000003,408.5971428571429,353.3688792519929,7,4951.162857142857,167.72,11705.88,1.0,160.57142857142858,65,1.0
AC00399,1,1205.73,241.14600000000002,214.98377852759032,5,5699.268,835.53,10235.19,1.0,64.0,44,0.6
AC00400,1,814.56,162.91199999999998,114.45687449865123,5,4708.2,1278.0,7315.34,1.0,181.2,56,0.6
AC00401,2,1661.53,276.9216666666667,198.59390498367935,6,7084.893333333333,4102.23,13498.55,1.0,121.5,74,0.8333333333333334
AC00402,1,1314.84,328.71,313.9724123762044,4,5179.305,2525.25,8361.7,1.0,110.5,31,0.75
AC00403,1,980.5699999999999,122.57124999999999,126.41802475884747,8,5085.89125,1764.08,10668.24,1.0,98.625,30,0.875
AC00404,1,349.65,87.4125,27.82889790008461,4,5045.035,900.61,10278.75,1.0,172.0,26,1.0
AC00405,0,2566.05,427.675,309.2498545674678,6,5206.643333333333,1019.39,9801.48,1.0,138.83333333333334,55,0.8333333333333334
AC00406,1,183.71,183.71,0.0,1,552.52,552.52,552.52,1.0,102.0,38,1.0
AC00407,0,2718.1,388.3,322.1584503522038,7,4593.85,168.84,8602.22,1.0,100.85714285714286,22,1.0
AC00408,1,556.38,278.19,42.4829754136878,2,3399.9300000000003,2649.23,4150.63,1.0,112.5,75,1.0
AC00409,0,1314.6999999999998,262.93999999999994,200.9477764246223,5,7095.9800000000005,2610.67,14765.41,1.4,87.4,34,0.8
AC00410,0,1578.01,315.602,229.32552904114274,5,4947.503999999999,642.0,13801.15,1.8,116.2,59,0.8
AC00411,0,1684.78,280.7966666666667,310.7290326742364,6,6963.801666666666,1765.45,12221.17,1.0,119.0,26,0.8333333333333334
AC00412,1,1143.54,285.885,171.51002662623935,4,5227.5725,136.77,11505.35,1.0,195.25,34,0.75
AC00413,0,1441.11,360.2775,350.9879990707185,4,5580.67,368.78,13293.83,1.25,106.25,21,1.0
AC00414,1,942.23,314.07666666666665,242.89557104511672,3,2148.7433333333333,1593.03,3074.45,1.0,108.66666666666667,76,0.6666666666666666
AC00415,2,108.16999999999999,36.056666666666665,32.37574761041563,3,8524.63,4792.01,12072.11,1.3333333333333333,127.0,22,1.0
AC00416,0,2543.88,508.776,527.823964101669,5,6481.4619999999995,2712.96,14847.97,1.0,186.8,26,0.8
AC00417,2,771.68,154.33599999999998,164.30117339812278,5,5679.462,3290.72,8992.25,1.8,144.0,63,0.8
AC00418,0,1718.02,286.33666666666664,384.0586309232832,6,4995.445000000001,1034.35,13872.03,2.1666666666666665,125.83333333333333,37,0.5
AC00419,2,841.8199999999999,280.6066666666666,173.58652434256908,3,6613.096666666667,4477.78,8994.67,1.0,100.66666666666667,62,0.6666666666666666
AC00420,0,1791.58,447.895,417.8824149207525,4,3821.8450000000003,1040.43,9427.06,1.0,82.5,55,0.5
AC00421,1,664.12,221.37333333333333,119.00508910686692,3,2268.1966666666667,1152.2,4323.66,1.0,154.0,63,0.3333333333333333
AC00422,1,572.95,143.2375,65.76932029196186,4,5097.965,327.68,8012.81,1.0,109.5,53,0.75
AC00423,0,3038.14,506.3566666666666,711.8578000040924,6,5645.848333333334,314.28,12352.2,1.0,117.83333333333333,22,1.0
AC00424,1,1212.02,242.404,183.446719594546,5,6675.386,3548.02,9642.12,1.0,79.8,43,0.8
AC00425,0,2487.14,355.30571428571426,189.08308754417487,7,3145.407142857143,1143.52,6651.62,1.0,145.0,48,1.0
AC00426,1,1494.1599999999999,249.02666666666664,220.02999001651267,6,2463.478333333333,912.71,7264.79,1.6666666666666667,125.16666666666667,69,1.0
AC00427,0,2397.55,266.39444444444445,307.1054410585683,9,3967.522222222222,370.81,13560.63,1.0,68.0,23,0.8888888888888888
AC00428,0,1727.94,575.98,495.9842857389737,3,3608.556666666666,791.97,8640.56,1.0,100.66666666666667,23,1.0
AC00429,2,279.33,93.11,93.43147381905094,3,10324.609999999999,7574.45,14783.33,1.0,129.33333333333334,68,1.0
AC00430,0,1473.01,210.43,249.6052693754681,7,5810.46,511.37,14804.7,1.2857142857142858,110.42857142857143,40,0.7142857142857143
AC00431,0,2750.4500000000003,392.92142857142863,384.61558723954374,7,6754.105714285715,420.25,14639.28,1.0,111.14285714285714,78,0.5714285714285714
AC00432,1,1673.96,239.13714285714286,187.2024403076596,7,2751.132857142857,296.47,9697.75,1.2857142857142858,142.85714285714286,21,0.5714285714285714
AC00433,0,1697.3,565.7666666666667,626.9914504467611,3,4376.833333333333,1830.98,9009.42,1.0,55.0,40,1.0
AC00434,0,1799.1,257.0142857142857,345.62075279401955,7,5989.077142857143,928.33,13988.12,1.0,85.28571428571429,50,1.0
AC00435,1,429.59000000000003,214.79500000000002,202.12647340217464,2,4749.3,1839.1,7659.5,1.0,141.5,22,1.0
AC00436,2,1034.87,206.974,114.07133614541384,5,8505.572,5209.16,13182.11,1.0,131.2,34,0.8
AC00437,1,922.17,230.5425,252.36446122952154,4,3032.8925,791.65,5631.2,1.0,113.5,24,1.0
AC00438,0,1325.53,165.69125,170.71193501146058,8,7599.81375,202.69,13566.58,1.375,119.625,46,0.875
AC00439,0,4185.8099999999995,465.0899999999999,272.55649964732083,9,5329.817777777778,781.7,10513.52,1.2222222222222223,133.77777777777777,19,0.8888888888888888
AC00440,2,201.69,201.69,0.0,1,7328.52,7328.52,7328.52,1.0,299.0,59,1.0
AC00441,0,1907.69,317.9483333333333,282.79096084681817,6,2533.6150000000002,673.35,7833.85,1.6666666666666667,117.66666666666667,23,0.5
AC00442,0,1679.32,186.5911111111111,156.97598856548447,9,4952.461111111111,754.21,12904.66,1.1111111111111112,146.33333333333334,61,0.8888888888888888
AC00443,0,2585.12,646.28,327.78160788346054,4,8000.0925,5615.26,11833.73,1.0,127.0,36,0.75
AC00444,1,496.37,124.0925,86.30066796767373,4,5696.0599999999995,290.59,10216.25,1.0,72.5,65,0.75
AC00445,1,1787.5,357.5,232.56962366138876,5,2845.402,229.02,6451.96,1.0,88.8,58,0.4
AC00446,1,1036.44,207.288,261.2321962737365,5,4029.4,1059.62,6911.62,1.0,141.0,23,0.8
AC00447,1,633.1,158.275,75.82823594589726,4,4753.37,1677.01,6412.85,1.0,92.75,36,1.0
AC00448,1,1177.86,168.26571428571427,201.4306404908931,7,5047.368571428572,137.42,12723.62,1.0,83.71428571428571,59,0.42857142857142855
AC00449,1,796.4799999999999,159.296,138.40629404040845,5,6022.85,580.66,13240.72,1.0,118.2,54,0.8
AC00450,1,920.89,306.9633333333333,310.36318375950026,3,5345.143333333333,899.52,8359.5,1.0,108.66666666666667,19,1.0
AC00451,0,1536.38,307.276,299.0876688029782,5,4897.7,192.63,14611.9,1.0,102.2,53,0.6
AC00452,0,1371.72,195.96,267.17695808833014,7,7546.721428571429,544.56,14348.65,1.0,110.0,60,0.8571428571428571
AC00453,0,2370.7000000000003,263.41111111111115,153.76499564631447,9,5334.753333333333,369.79,12896.06,1.2222222222222223,116.33333333333333,22,0.8888888888888888
AC00454,0,1976.73,494.1825,470.74533500078365,4,2173.075,220.51,6711.78,2.0,150.0,54,0.5
AC00455,0,2132.36,304.6228571428572,240.29788053679576,7,5543.7,300.87,13758.91,1.0,128.85714285714286,68,1.0
AC00456,0,3090.6000000000004,280.9636363636364,308.0160382925775,11,4777.488181818181,207.74,13991.5,1.4545454545454546,123.81818181818181,68,0.5454545454545454
AC00457,1,784.78,261.5933333333333,142.26184461524932,3,6303.886666666666,2531.24,10501.53,1.0,105.66666666666667,52,1.0
AC00458,0,1544.96,220.70857142857145,217.66353135275642,7,6175.627142857143,330.16,14409.74,1.0,109.85714285714286,46,0.7142857142857143
AC00459,1,1513.57,216.2242857142857,147.7683783106908,7,6053.5371428571425,1528.81,12709.58,1.0,107.57142857142857,21,0.5714285714285714
AC00460,0,5570.34,464.195,463.109979996898,12,4887.100833333333,106.86,12571.76,1.1666666666666667,115.33333333333333,25,0.6666666666666666
AC00461,1,503.19999999999993,167.73333333333332,163.4484754695905,3,3679.2900000000004,1532.72,5839.38,1.0,155.33333333333334,60,0.6666666666666666
AC00462,1,494.2,82.36666666666666,60.848920012327795,6,2237.115,416.89,9381.64,1.0,116.33333333333333,26,0.8333333333333334
AC00463,2,479.56,119.89,130.5923997278045,4,9311.2175,5061.3,14798.1,1.0,102.5,53,0.5
AC00464,0,2702.17,337.77125,476.57469899983744,8,6215.8425,1058.13,13899.24,1.0,129.625,19,0.75
AC00465,0,1502.65,187.83125,232.20417188558744,8,7120.5125,319.18,14304.38,1.75,160.5,56,0.75
AC00466,0,2635.9700000000003,658.9925000000001,573.0377536355408,4,5042.235,694.03,11146.74,1.0,155.0,24,0.75
AC00467,0,1202.19,400.73,271.4443176785987,3,7243.649999999999,1433.66,11726.47,1.0,64.66666666666667,55,0.6666666666666666
AC00468,2,445.52000000000004,111.38000000000001,121.1879485207447,4,7363.93,2797.26,12145.27,2.0,117.5,47,0.75
AC00469,2,65.57,65.57,0.0,1,7513.79,7513.79,7513.79,1.0,82.0,41,1.0
AC00470,0,1705.08,426.27,272.63706167724155,4,5462.8425,985.77,12991.03,1.25,186.75,26,0.5
AC00471,0,1769.45,294.90833333333336,178.5466293623788,6,7503.031666666667,369.86,14365.18,1.0,152.0,41,0.6666666666666666
AC00472,1,588.37,588.37,0.0,1,1926.08,1926.08,1926.08,1.0,284.0,28,1.0
AC00473,1,57.16,57.16,0.0,1,222.22,222.22,222.22,1.0,74.0,40,1.0
AC00474,2,1126.97,375.6566666666667,352.7348063819806,3,7029.97,4466.1,9798.26,1.0,76.0,31,1.0
AC00475,1,967.23,120.90375,95.68769019762752,8,2139.37125,1061.69,5029.87,1.0,135.125,66,0.875
AC00476,1,506.81,506.81,0.0,1,2757.23,2757.23,2757.23,1.0,41.0,59,1.0
AC00477,1,1019.03,339.6766666666667,336.9631345315587,3,5769.356666666667,1726.4,10922.78,1.0,164.66666666666666,61,1.0
AC00478,0,3046.3,435.1857142857143,255.455974866978,7,5016.675714285715,643.64,7914.88,1.1428571428571428,123.85714285714286,66,0.7142857142857143
AC00479,0,1369.76,342.44,391.4392094140119,4,6767.7375,1146.78,11500.62,1.0,92.75,40,0.75
AC00480,0,3309.5,300.8636363636364,322.54377043349416,11,6048.868181818182,1038.91,14214.48,1.0,137.9090909090909,38,0.9090909090909091
AC00481,2,607.94,151.985,161.2480913582132,4,8325.45,4444.95,12896.68,1.0,139.25,61,0.75
AC00482,1,1594.03,265.6716666666667,258.02317705327687,6,4463.378333333333,1983.0,8345.26,1.0,154.83333333333334,51,0.8333333333333334
AC00483,0,1605.72,401.43,243.41310044175245,4,7497.5825,566.83,14371.08,1.0,121.25,42,1.0
AC00485,1,680.99,340.495,391.9705020151389,2,3974.14,792.33,7155.95,1.0,126.0,42,0.5
AC00486,2,282.26,282.26,0.0,1,6857.2,6857.2,6857.2,1.0,278.0,37,1.0
AC00487,1,480.52,120.13,113.37213914067834,4,2075.6875,193.8,6095.65,1.0,78.5,24,0.75
AC00488,1,1086.77,271.6925,343.80569729378635,4,4945.969999999999,481.13,8842.47,1.0,83.5,39,0.5
AC00489,2,397.8,132.6,98.63801143575434,3,9673.436666666666,7392.79,12526.71,1.0,133.0,37,0.6666666666666666
AC00490,0,1460.92,292.184,233.0914734176263,5,4401.54,344.07,13267.09,1.0,65.2,58,0.6
AC00491,2,37.57,37.57,0.0,1,7739.54,7739.54,7739.54,1.0,42.0,57,1.0
AC00492,1,789.24,157.848,131.2370009562852,5,6947.096,2051.37,9905.23,1.0,92.6,62,0.8
AC00493,1,593.13,118.626,95.96856610369878,5,5214.969999999999,443.62,8469.43,1.0,112.6,27,1.0
AC00494,0,1873.41,468.3525,482.738166392162,4,1715.2775000000001,569.25,3677.63,1.0,101.25,24,0.5
AC00495,0,2405.77,300.72125,277.36567896847447,8,2709.59375,160.57,6659.12,1.5,118.875,68,1.0
AC00496,1,595.88,198.62666666666667,141.86290435957292,3,6437.006666666665,339.16,14395.88,1.0,92.66666666666667,66,1.0
AC00497,1,1187.21,197.86833333333334,107.79549386067428,6,5153.616666666667,910.26,11795.12,1.0,161.0,63,0.8333333333333334
AC00498,0,3051.02,381.3775,423.1716944270797,8,4545.0,352.31,12063.77,1.125,131.625,43,0.625
AC00499,0,2321.29,331.61285714285714,273.0858108552625,7,4450.577142857143,842.94,7749.14,1.0,167.0,59,0.8571428571428571
AC00500,1,646.96,161.74,44.40405762239903,4,7947.58,620.28,14852.42,1.0,147.5,25,0.5
